-- --------------------------------------------------------
-- Host:                         127.0.0.1
-- Server version:               10.6.3-MariaDB - mariadb.org binary distribution
-- Server OS:                    Win64
-- HeidiSQL Version:             11.3.0.6295
-- --------------------------------------------------------

/*!40101 SET @OLD_CHARACTER_SET_CLIENT=@@CHARACTER_SET_CLIENT */;
/*!40101 SET NAMES utf8 */;
/*!50503 SET NAMES utf8mb4 */;
/*!40014 SET @OLD_FOREIGN_KEY_CHECKS=@@FOREIGN_KEY_CHECKS, FOREIGN_KEY_CHECKS=0 */;
/*!40101 SET @OLD_SQL_MODE=@@SQL_MODE, SQL_MODE='NO_AUTO_VALUE_ON_ZERO' */;
/*!40111 SET @OLD_SQL_NOTES=@@SQL_NOTES, SQL_NOTES=0 */;

-- Dumping data for table chef_me_up.countries: ~246 rows (approximately)
/*!40000 ALTER TABLE `countries` DISABLE KEYS */;
INSERT INTO `countries` (`sortname`, `country_id`, `name`, `phonecode`) VALUES
                                                                            ('AF', 1, 'Afghanistan', 93),
                                                                            ('AL', 2, 'Albania', 355),
                                                                            ('DZ', 3, 'Algeria', 213),
                                                                            ('AS', 4, 'American Samoa', 1684),
                                                                            ('AD', 5, 'Andorra', 376),
                                                                            ('AO', 6, 'Angola', 244),
                                                                            ('AI', 7, 'Anguilla', 1264),
                                                                            ('AQ', 8, 'Antarctica', 0),
                                                                            ('AG', 9, 'Antigua And Barbuda', 1268),
                                                                            ('AR', 10, 'Argentina', 54),
                                                                            ('AM', 11, 'Armenia', 374),
                                                                            ('AW', 12, 'Aruba', 297),
                                                                            ('AU', 13, 'Australia', 61),
                                                                            ('AT', 14, 'Austria', 43),
                                                                            ('AZ', 15, 'Azerbaijan', 994),
                                                                            ('BS', 16, 'Bahamas The', 1242),
                                                                            ('BH', 17, 'Bahrain', 973),
                                                                            ('BD', 18, 'Bangladesh', 880),
                                                                            ('BB', 19, 'Barbados', 1246),
                                                                            ('BY', 20, 'Belarus', 375),
                                                                            ('BE', 21, 'Belgium', 32),
                                                                            ('BZ', 22, 'Belize', 501),
                                                                            ('BJ', 23, 'Benin', 229),
                                                                            ('BM', 24, 'Bermuda', 1441),
                                                                            ('BT', 25, 'Bhutan', 975),
                                                                            ('BO', 26, 'Bolivia', 591),
                                                                            ('BA', 27, 'Bosnia and Herzegovina', 387),
                                                                            ('BW', 28, 'Botswana', 267),
                                                                            ('BV', 29, 'Bouvet Island', 0),
                                                                            ('BR', 30, 'Brazil', 55),
                                                                            ('IO', 31, 'British Indian Ocean Territory', 246),
                                                                            ('BN', 32, 'Brunei', 673),
                                                                            ('BG', 33, 'Bulgaria', 359),
                                                                            ('BF', 34, 'Burkina Faso', 226),
                                                                            ('BI', 35, 'Burundi', 257),
                                                                            ('KH', 36, 'Cambodia', 855),
                                                                            ('CM', 37, 'Cameroon', 237),
                                                                            ('CA', 38, 'Canada', 1),
                                                                            ('CV', 39, 'Cape Verde', 238),
                                                                            ('KY', 40, 'Cayman Islands', 1345),
                                                                            ('CF', 41, 'Central African Republic', 236),
                                                                            ('TD', 42, 'Chad', 235),
                                                                            ('CL', 43, 'Chile', 56),
                                                                            ('CN', 44, 'China', 86),
                                                                            ('CX', 45, 'Christmas Island', 61),
                                                                            ('CC', 46, 'Cocos (Keeling) Islands', 672),
                                                                            ('CO', 47, 'Colombia', 57),
                                                                            ('KM', 48, 'Comoros', 269),
                                                                            ('CG', 49, 'Republic Of The Congo', 242),
                                                                            ('CD', 50, 'Democratic Republic Of The Congo', 242),
                                                                            ('CK', 51, 'Cook Islands', 682),
                                                                            ('CR', 52, 'Costa Rica', 506),
                                                                            ('CI', 53, 'Cote D\'Ivoire (Ivory Coast)', 225),
	('HR', 54, 'Croatia (Hrvatska)', 385),
	('CU', 55, 'Cuba', 53),
	('CY', 56, 'Cyprus', 357),
	('CZ', 57, 'Czech Republic', 420),
	('DK', 58, 'Denmark', 45),
	('DJ', 59, 'Djibouti', 253),
	('DM', 60, 'Dominica', 1767),
	('DO', 61, 'Dominican Republic', 1809),
	('TP', 62, 'East Timor', 670),
	('EC', 63, 'Ecuador', 593),
	('EG', 64, 'Egypt', 20),
	('SV', 65, 'El Salvador', 503),
	('GQ', 66, 'Equatorial Guinea', 240),
	('ER', 67, 'Eritrea', 291),
	('EE', 68, 'Estonia', 372),
	('ET', 69, 'Ethiopia', 251),
	('XA', 70, 'External Territories of Australia', 61),
	('FK', 71, 'Falkland Islands', 500),
	('FO', 72, 'Faroe Islands', 298),
	('FJ', 73, 'Fiji Islands', 679),
	('FI', 74, 'Finland', 358),
	('FR', 75, 'France', 33),
	('GF', 76, 'French Guiana', 594),
	('PF', 77, 'French Polynesia', 689),
	('TF', 78, 'French Southern Territories', 0),
	('GA', 79, 'Gabon', 241),
	('GM', 80, 'Gambia The', 220),
	('GE', 81, 'Georgia', 995),
	('DE', 82, 'Germany', 49),
	('GH', 83, 'Ghana', 233),
	('GI', 84, 'Gibraltar', 350),
	('GR', 85, 'Greece', 30),
	('GL', 86, 'Greenland', 299),
	('GD', 87, 'Grenada', 1473),
	('GP', 88, 'Guadeloupe', 590),
	('GU', 89, 'Guam', 1671),
	('GT', 90, 'Guatemala', 502),
	('XU', 91, 'Guernsey and Alderney', 44),
	('GN', 92, 'Guinea', 224),
	('GW', 93, 'Guinea-Bissau', 245),
	('GY', 94, 'Guyana', 592),
	('HT', 95, 'Haiti', 509),
	('HM', 96, 'Heard and McDonald Islands', 0),
	('HN', 97, 'Honduras', 504),
	('HK', 98, 'Hong Kong S.A.R.', 852),
	('HU', 99, 'Hungary', 36),
	('IS', 100, 'Iceland', 354),
	('IN', 101, 'India', 91),
	('ID', 102, 'Indonesia', 62),
	('IR', 103, 'Iran', 98),
	('IQ', 104, 'Iraq', 964),
	('IE', 105, 'Ireland', 353),
	('IL', 106, 'Israel', 972),
	('IT', 107, 'Italy', 39),
	('JM', 108, 'Jamaica', 1876),
	('JP', 109, 'Japan', 81),
	('XJ', 110, 'Jersey', 44),
	('JO', 111, 'Jordan', 962),
	('KZ', 112, 'Kazakhstan', 7),
	('KE', 113, 'Kenya', 254),
	('KI', 114, 'Kiribati', 686),
	('KP', 115, 'Korea North', 850),
	('KR', 116, 'Korea South', 82),
	('KW', 117, 'Kuwait', 965),
	('KG', 118, 'Kyrgyzstan', 996),
	('LA', 119, 'Laos', 856),
	('LV', 120, 'Latvia', 371),
	('LB', 121, 'Lebanon', 961),
	('LS', 122, 'Lesotho', 266),
	('LR', 123, 'Liberia', 231),
	('LY', 124, 'Libya', 218),
	('LI', 125, 'Liechtenstein', 423),
	('LT', 126, 'Lithuania', 370),
	('LU', 127, 'Luxembourg', 352),
	('MO', 128, 'Macau S.A.R.', 853),
	('MK', 129, 'Macedonia', 389),
	('MG', 130, 'Madagascar', 261),
	('MW', 131, 'Malawi', 265),
	('MY', 132, 'Malaysia', 60),
	('MV', 133, 'Maldives', 960),
	('ML', 134, 'Mali', 223),
	('MT', 135, 'Malta', 356),
	('XM', 136, 'Man (Isle of)', 44),
	('MH', 137, 'Marshall Islands', 692),
	('MQ', 138, 'Martinique', 596),
	('MR', 139, 'Mauritania', 222),
	('MU', 140, 'Mauritius', 230),
	('YT', 141, 'Mayotte', 269),
	('MX', 142, 'Mexico', 52),
	('FM', 143, 'Micronesia', 691),
	('MD', 144, 'Moldova', 373),
	('MC', 145, 'Monaco', 377),
	('MN', 146, 'Mongolia', 976),
	('MS', 147, 'Montserrat', 1664),
	('MA', 148, 'Morocco', 212),
	('MZ', 149, 'Mozambique', 258),
	('MM', 150, 'Myanmar', 95),
	('NA', 151, 'Namibia', 264),
	('NR', 152, 'Nauru', 674),
	('NP', 153, 'Nepal', 977),
	('AN', 154, 'Netherlands Antilles', 599),
	('NL', 155, 'Netherlands The', 31),
	('NC', 156, 'New Caledonia', 687),
	('NZ', 157, 'New Zealand', 64),
	('NI', 158, 'Nicaragua', 505),
	('NE', 159, 'Niger', 227),
	('NG', 160, 'Nigeria', 234),
	('NU', 161, 'Niue', 683),
	('NF', 162, 'Norfolk Island', 672),
	('MP', 163, 'Northern Mariana Islands', 1670),
	('NO', 164, 'Norway', 47),
	('OM', 165, 'Oman', 968),
	('PK', 166, 'Pakistan', 92),
	('PW', 167, 'Palau', 680),
	('PS', 168, 'Palestinian Territory Occupied', 970),
	('PA', 169, 'Panama', 507),
	('PG', 170, 'Papua new Guinea', 675),
	('PY', 171, 'Paraguay', 595),
	('PE', 172, 'Peru', 51),
	('PH', 173, 'Philippines', 63),
	('PN', 174, 'Pitcairn Island', 0),
	('PL', 175, 'Poland', 48),
	('PT', 176, 'Portugal', 351),
	('PR', 177, 'Puerto Rico', 1787),
	('QA', 178, 'Qatar', 974),
	('RE', 179, 'Reunion', 262),
	('RO', 180, 'Romania', 40),
	('RU', 181, 'Russia', 70),
	('RW', 182, 'Rwanda', 250),
	('SH', 183, 'Saint Helena', 290),
	('KN', 184, 'Saint Kitts And Nevis', 1869),
	('LC', 185, 'Saint Lucia', 1758),
	('PM', 186, 'Saint Pierre and Miquelon', 508),
	('VC', 187, 'Saint Vincent And The Grenadines', 1784),
	('WS', 188, 'Samoa', 684),
	('SM', 189, 'San Marino', 378),
	('ST', 190, 'Sao Tome and Principe', 239),
	('SA', 191, 'Saudi Arabia', 966),
	('SN', 192, 'Senegal', 221),
	('RS', 193, 'Serbia', 381),
	('SC', 194, 'Seychelles', 248),
	('SL', 195, 'Sierra Leone', 232),
	('SG', 196, 'Singapore', 65),
	('SK', 197, 'Slovakia', 421),
	('SI', 198, 'Slovenia', 386),
	('XG', 199, 'Smaller Territories of the UK', 44),
	('SB', 200, 'Solomon Islands', 677),
	('SO', 201, 'Somalia', 252),
	('ZA', 202, 'South Africa', 27),
	('GS', 203, 'South Georgia', 0),
	('SS', 204, 'South Sudan', 211),
	('ES', 205, 'Spain', 34),
	('LK', 206, 'Sri Lanka', 94),
	('SD', 207, 'Sudan', 249),
	('SR', 208, 'Suriname', 597),
	('SJ', 209, 'Svalbard And Jan Mayen Islands', 47),
	('SZ', 210, 'Swaziland', 268),
	('SE', 211, 'Sweden', 46),
	('CH', 212, 'Switzerland', 41),
	('SY', 213, 'Syria', 963),
	('TW', 214, 'Taiwan', 886),
	('TJ', 215, 'Tajikistan', 992),
	('TZ', 216, 'Tanzania', 255),
	('TH', 217, 'Thailand', 66),
	('TG', 218, 'Togo', 228),
	('TK', 219, 'Tokelau', 690),
	('TO', 220, 'Tonga', 676),
	('TT', 221, 'Trinidad And Tobago', 1868),
	('TN', 222, 'Tunisia', 216),
	('TR', 223, 'Turkey', 90),
	('TM', 224, 'Turkmenistan', 7370),
	('TC', 225, 'Turks And Caicos Islands', 1649),
	('TV', 226, 'Tuvalu', 688),
	('UG', 227, 'Uganda', 256),
	('UA', 228, 'Ukraine', 380),
	('AE', 229, 'United Arab Emirates', 971),
	('GB', 230, 'United Kingdom', 44),
	('US', 231, 'United States', 1),
	('UM', 232, 'United States Minor Outlying Islands', 1),
	('UY', 233, 'Uruguay', 598),
	('UZ', 234, 'Uzbekistan', 998),
	('VU', 235, 'Vanuatu', 678),
	('VA', 236, 'Vatican City State (Holy See)', 39),
	('VE', 237, 'Venezuela', 58),
	('VN', 238, 'Vietnam', 84),
	('VG', 239, 'Virgin Islands (British)', 1284),
	('VI', 240, 'Virgin Islands (US)', 1340),
	('WF', 241, 'Wallis And Futuna Islands', 681),
	('EH', 242, 'Western Sahara', 212),
	('YE', 243, 'Yemen', 967),
	('YU', 244, 'Yugoslavia', 38),
	('ZM', 245, 'Zambia', 260),
	('ZW', 246, 'Zimbabwe', 263);
/*!40000 ALTER TABLE `countries` ENABLE KEYS */;

-- Dumping data for table chef_me_up.courses: ~7 rows (approximately)
/*!40000 ALTER TABLE `courses` DISABLE KEYS */;
INSERT INTO `courses` (`course_id`, `creator_id`, `title`, `description`, `starting_date`, `expire_date`, `topic_id`, `visible`, `picture`, `video`) VALUES
	(1, 3, 'Bulgarian cuisine', ' Bulgarian cooking traditions are diverse because of geographical factors such as climatic conditions suitable for a variety of vegetables, herbs, and fruit. ', '2021-10-02', '2021-10-15', 1, 1, 'Bulgariancuisine-BACKGROUND.jpeg', 'http://www.youtube.com/embed/v8AwD6tnrKc'),
	(2, 4, 'Italian cuisine', '\r\nYou will be learning how to create fresh homemade pasta dough in the proper authentic Italian way, you will also receive insights about the ingredients..\r\n', '2021-10-03', '2021-11-03', 1, 1, 'Italiancuisine-BACKGROUND.jpg', 'http://www.youtube.com/embed/eCpn-3E97W8'),
	(3, 5, 'Sushi cuisine', 'This is the Sushi Course you want if you\'re just starting out. The lectures have been systematically designed and ordered from Basic to Advance.', '2021-10-06', '2021-10-20', 2, 1, 'Sushicuisine-BACKGROUND.jpg', 'http://www.youtube.com/embed/N2z7s3U_uLI'),
                                                                            (4, 6, 'Sauces', 'Every chef and home cook takes great pride in the sauces that transform a good meal into a great dining experience and an unforgettable memory.', '2021-10-19', '2021-10-23', 4, 1, 'Sauces-BACKGROUND.jpg', 'http://www.youtube.com/embed/Fg2iIBaMTZY'),
                                                                            (5, 7, 'Desserts', 'Learn how to make amazing Tarte Tatins in any size, shape and flavor, using many kinds of fruits and spices. Explore how to adorn and decorate them using sugar decorations.', '2021-10-04', '2021-12-24', 3, 1, 'Desserts-BACKGROUND.jpg', 'http://www.youtube.com/embed/hIM_5jni5Sk'),
                                                                            (8, 6, 'Spanish cuisine', 'This is a draft spanish cuisine course for now', NULL, NULL, 2, 0, 'Spanishcuisine-BACKGROUND.', ''),
                                                                            (10, 4, 'French cuisine', 'French cuisine consists of the cooking traditions and practices from France. French cuisine developed throughout the centuries.\r\n', '2021-10-11', '2021-10-31', 1, 1, 'Frenchcuisine-BACKGROUND.png', 'http://www.youtube.com/embed/FzWk_e1ptK0');
/*!40000 ALTER TABLE `courses` ENABLE KEYS */;

-- Dumping data for table chef_me_up.lectures: ~18 rows (approximately)
/*!40000 ALTER TABLE `lectures` DISABLE KEYS */;
INSERT INTO `lectures` (`description`, `lecture_id`, `title`, `video`, `assigment`, `course_id`, `picture`) VALUES
                                                                                                                ('Banitsa is the queen of the Bulgarian cuisine! It’s the traditional meal that everyone in the country knows and loves. It comes in many forms and flavours and you can see different variations in other Balkan countries.', 1, 'Banitsa ', 'http://www.youtube.com/embed/VT4I-VSODRE', 'Bulgariancuisine-Banitsa-assignment.docx', 1, 'Banitsa-BACKGROUND.jpg'),
                                                                                                                ('Shkembe chorba is made of calf  stomach. Tripe is the thick lining of the stomach of cattle. It is cleaned well and cooked with milk, garlic, vinegar, hot chili peppers, and other spices. ', 2, 'Shkembe chorba', 'http://www.youtube.com/embed/u744yBq0EI4', 'Bulgariancuisine-Shkembechorba-assignment.docx', 1, 'Shkembechorba-BACKGROUND.jpg'),
                                                                                                                ('Its preparation depends on the region. The meal is served warm and Bulgarians eat it very often simply because it’s super delicious and easy to cook. ', 3, 'Moussaka ', 'http://www.youtube.com/embed/5pFGglQC0iY', 'Bulgariancuisine-Moussaka-assignment.docx', 1, 'Moussaka-BACKGROUND.jpg'),
                                                                                                                ('Cook pasta dishes and sauces as good as your favourite Italian pasta restaurant. Learn how to pre-cook and store bulk sauces that save you time and money. ', 4, 'Pasta', 'http://www.youtube.com/embed/ijMk1BlgcVk', 'Italiancuisine-Pasta-assignment.docx', 2, 'Pasta-BACKGROUND.jpg'),
                                                                                                                ('The pizza\'s crust is the foundation of a great pizza. How often have you eaten a pizza with a dense crust or a tough crust and just wished for the perfect pizza crust? ', 5, 'Pizza', 'http://www.youtube.com/embed/n-VRntrbypI', 'Italiancuisine-Pizza-assignment.docx', 2, 'Pizza-BACKGROUND.jpg'),
	('Lasagna is the perfect meal – it keeps, reheats and freezes really well and it is so nice to have something in the fridge to enjoy throughout the week. ', 6, 'Lasagna', 'http://www.youtube.com/embed/0pYrbcf8SXc', 'Italiancuisine-Lasagna-assignment.docx', 2, 'Lasagna-BACKGROUND.png'),
	('The meaning of its name is, literally, “inside out” roll. It could be defined as a “rebel roll” because it goes against the usual norm of wrapping the roll of rice from the outside.', 7, 'Uramaki ', 'http://www.youtube.com/embed/O9x3n_rJO3I', 'Sushicuisine-Uramaki-assignment.docx', 3, 'Uramaki-BACKGROUND.jpg'),
	('Sashimi is specifically raw—and fresh—seafood, like tuna or salmon. Most sashimi is made from saltwater dwellers because freshwater fish have higher risks of parasites. ', 8, 'Sashimi ', 'http://www.youtube.com/embed/y0RkSKTu56w', 'Sushicuisine-Sashimi-assignment.docx', 3, 'Sashimi-BACKGROUND.jpg'),
	('Thus nigiri is a type of sushi where the rice is molded by hand and the fish or other topping pressed by hand atop the rice. And it\'s the stickiness of the rice.', 9, 'Nigiri', 'http://www.youtube.com/embed/qlH4ogeQnwI', 'Sushicuisine-Nigiri-assignment.docx', 3, 'Nigiri-BACKGROUND.jpeg'),
                                                                                                                ('Hollandaise sauce is a classic creamy sauce that’s perfect for breakfast or brunch! This recipe is easy and no-fail. It takes just 5 minutes in a blender. ', 10, 'Hollandaise ', 'http://www.youtube.com/embed/VXoqN_NnDc0', 'Sauces-Hollandaise-assignment.docx', 4, 'Hollandaise-BACKGROUND.jpg'),
                                                                                                                (' It begins with a Roux and from there you add either veal, chicken or fish stock. You can put your own spin on it or you can proceed to create what is called a Secondary Sauce.', 11, 'Veloute ', 'http://www.youtube.com/embed/0hQVVd2_9i8', 'Sauces-Veloute-assignment.docx', 4, 'Veloute-BACKGROUND.jpg'),
                                                                                                                ('A good tomato sauce is the basis for so many dishes—pizza, pasta, chicken, and fish. Here is a delicious basic tomato sauce recipe. Marinara sauce.', 12, 'Tomato ', 'http://www.youtube.com/embed/XS4zojyuzvI', 'Sauces-Tomato-assignment.docx', 4, 'Tomato-BACKGROUND.jpg'),
                                                                                                                ('A soufflé is a baked egg-based dish originating in France in the early eighteenth century. It can be served as a savory main dish or sweetened as a dessert. ', 13, 'Soufle ', 'http://www.youtube.com/embed/FWqfkUEWOTg', 'Desserts-Soufle-assignment.docx', 5, 'Soufle-BACKGROUND.webp'),
                                                                                                                ('Cupcake is an American term for small individual cakes.  Because the addition of icing toppings makes the cakes more attractive to eat.', 14, 'Cupcakes', 'http://www.youtube.com/embed/K4jPqm1oclw', 'Desserts-Cupcakes-assignment.docx', 5, 'Cupcakes-BACKGROUND.jpg'),
                                                                                                                ('We don\'t want to brag, but as far as vanilla ice cream recipes go, this one is the best. And with only four ingredients, it just might be the easiest, too. ', 15, 'Icecream', 'http://www.youtube.com/embed/j70yTq2ysLQ', 'Desserts-Icecream-assignment.docx', 5, 'Icecream-BACKGROUND.jpg'),
	('What is Paella? Paella (pai. ei. uh) is a classic Spanish rice dish made with rice, saffron, vegetables, chicken, and seafood cooked and served in one pan.', 23, 'Paella', 'http://www.youtube.com/embed/8a51lQaKg4w', 'Spanishcuisine-Paella-assignment.docx', 8, 'Paella-BACKGROUND.jpeg'),
	('Ratatouille (rat-a-too-ee) comes from Nice, France, and is actually a simple but delicious vegetarian dish (and it was also in this style in the Disney movie of the same name).\r\n', 26, 'Ratatouille', 'http://www.youtube.com/embed/8a51lQaKg4w', 'Frenchcuisine-Ratatouille-assignment.docx', 10, 'Ratatouille-BACKGROUND.jpg'),
	('A croissant is a type of pastry, classically made with puff pastry dough so that it is light, flaky, and extremely buttery. Traditionally, croissants are formed into crescent shapes.\r\n\r\n\r\n', 27, 'Croissant', 'http://www.youtube.com/embed/2OAUM0MRgQw', 'Frenchcuisine-Croissant-assignment.docx', 10, 'Croissant-BACKGROUND.jpg');
/*!40000 ALTER TABLE `lectures` ENABLE KEYS */;

-- Dumping data for table chef_me_up.roles: ~3 rows (approximately)
/*!40000 ALTER TABLE `roles` DISABLE KEYS */;
INSERT INTO `roles` (`role_id`, `name`) VALUES
	(3, 'ROLE_ADMIN'),
	(1, 'ROLE_STUDENT'),
	(2, 'ROLE_TEACHER');
/*!40000 ALTER TABLE `roles` ENABLE KEYS */;

-- Dumping data for table chef_me_up.students_courses: ~8 rows (approximately)
/*!40000 ALTER TABLE `students_courses` DISABLE KEYS */;
INSERT INTO `students_courses` (`id`, `student_id`, `course_id`, `course_rating`) VALUES
	(1, 11, 5, 5),
	(2, 9, 2, 0),
	(3, 8, 1, 5),
	(4, 8, 3, 3),
	(6, 11, 2, 5),
	(7, 13, 2, 4),
	(13, 16, 2, 5),
	(14, 16, 4, 0);
/*!40000 ALTER TABLE `students_courses` ENABLE KEYS */;

-- Dumping data for table chef_me_up.students_lectures: ~24 rows (approximately)
/*!40000 ALTER TABLE `students_lectures` DISABLE KEYS */;
INSERT INTO `students_lectures` (`completed`, `id`, `student_id`, `assignment`, `lecture_id`, `grade`) VALUES
	(1, 1, 11, 'Desserts-Soufle-k.smile.91@gmail.com.docx', 13, 66),
	(1, 2, 11, 'Desserts-Cupcakes-k.smile.91@gmail.com.docx', 14, 88),
	(1, 3, 11, 'Desserts-Icecream-k.smile.91@gmail.com.docx', 15, 76),
	(1, 4, 9, 'Italiancuisine-Pasta-g.kamenov@hotmail.com.docx', 4, 74),
	(0, 5, 9, NULL, 5, 0),
	(0, 6, 9, NULL, 6, 0),
	(1, 7, 8, 'Bulgariancuisine-Banitsa-i.petrov@abv.bg.docx', 1, 75),
	(1, 8, 8, 'Bulgariancuisine-Shkembechorba-i.petrov@abv.bg.docx', 2, 96),
	(1, 9, 8, 'Bulgariancuisine-Moussaka-i.petrov@abv.bg.docx', 3, 67),
	(1, 10, 8, 'Sushicuisine-Uramaki-i.petrov@abv.bg.docx', 7, 100),
	(1, 11, 8, 'Sushicuisine-Sashimi-i.petrov@abv.bg.docx', 8, 87),
	(1, 12, 8, 'Sushicuisine-Nigiri-i.petrov@abv.bg.docx', 9, 66),
	(1, 16, 11, 'Italiancuisine-Pasta-k.smile.91@gmail.com.docx', 4, 88),
	(1, 17, 11, 'Italiancuisine-Pizza-k.smile.91@gmail.com.docx', 5, 79),
	(1, 18, 11, 'Italiancuisine-Lasagna-k.smile.91@gmail.com.docx', 6, 99),
	(1, 19, 13, 'Italiancuisine-Pasta-k.p.krustev@abv.bg.docx', 4, 87),
	(1, 20, 13, 'Italiancuisine-Pizza-k.p.krustev@abv.bg.docx', 5, 90),
	(1, 21, 13, 'Italiancuisine-Lasagna-k.p.krustev@abv.bg.docx', 6, 86),
	(1, 36, 16, 'Italiancuisine-Pasta-charlot.baker@mail.com.docx', 4, 88),
	(1, 37, 16, 'Italiancuisine-Pizza-charlot.baker@mail.com.docx', 5, 99),
	(1, 38, 16, 'Italiancuisine-Lasagna-charlot.baker@mail.com.docx', 6, 77),
	(0, 39, 16, NULL, 10, 0),
	(0, 40, 16, NULL, 11, 0),
	(0, 41, 16, NULL, 12, 0);
/*!40000 ALTER TABLE `students_lectures` ENABLE KEYS */;

-- Dumping data for table chef_me_up.topics: ~4 rows (approximately)
/*!40000 ALTER TABLE `topics` DISABLE KEYS */;
INSERT INTO `topics` (`topic_id`, `name`) VALUES
	(2, 'Asian cuisine'),
	(3, 'Desserts'),
	(1, 'European cuisine'),
	(4, 'International cuisine');
/*!40000 ALTER TABLE `topics` ENABLE KEYS */;

-- Dumping data for table chef_me_up.users: ~15 rows (approximately)
/*!40000 ALTER TABLE `users` DISABLE KEYS */;
INSERT INTO `users` (`user_id`, `e_mail`, `first_name`, `last_name`, `phone`, `country_id`, `picture`, `teacher_request`, `password`) VALUES
	(1, 'dimitar.bonchev@chefmeup.com', 'Dimitar', 'Bonchev', '0888888889', 33, 'dimitar.bonchev@chefmeup.com-ProfilePic.png', 0, 'a'),
	(2, 'dimo.sotirov@chefmeup.com', 'Dimo', 'Sotirov', '0888888880', 33, 'dimo.sotirov@chefmeup.com-ProfilePic.png', 0, 'a'),
	(3, 'uti.bachvarov@mail.com', 'Uti', 'Bachvarov', '0888888881', 19, 'uti.bachvarov@mail.com-ProfilePic.jpg', 0, '1!PASpas'),
	(4, 'gordom.ramsay@mail.com', 'Gordom', 'Ramsay', '0888888882', 230, 'gordom.ramsay@mail.com-ProfilePic.jpg', 0, '1!PASpas'),
	(5, 'petar.mihalchev@mail.com', 'Petar', 'Mihalchev', '0888888884', 109, 'petar.mihalchev@mail.com-ProfilePic.jpg', 0, '1!PASpas'),
	(6, 'jamie.oliver@gmail.com', 'Jamie', 'Oliver', '0888888887', 231, 'jamie.oliver@gmail.com-ProfilePic.jpg', 0, '1!PASpas'),
	(7, 'silvena.rowe@abv.bg', 'Silvena', 'Rowe', '0888458888', 229, 'silvena.rowe@abv.bg-ProfilePic.jpg', 0, '1!PASpas'),
	(8, 'i.petrov@abv.bg', 'Ivan', 'Petrov', '0888848887', 13, 'i.petrov@abv.bg-ProfilePic.png', 0, '1!PASpas'),
	(9, 'g.kamenov@hotmail.com', 'Georgi', 'Kamenov', '0887458898', 146, 'g.kamenov@hotmail.com-ProfilePic.jpg', 0, '1!PASpas'),
	(10, 'm.petrova@gong.bg', 'Maria', 'Petrova', '0887485848', 90, 'm.petrova@gong.bg-ProfilePic.jpg', 0, '1!PASpas'),
	(11, 'k.smile.91@gmail.com', 'Katrin', 'Smile', '0884584589', 107, 'k.smile.91@gmail.com-ProfilePic.jpg', 0, '1!PASpas'),
	(12, 'square@pants.com', 'Sponge', 'Bob', '0885487548', 246, 'square@pants.com-ProfilePic.jpeg', 0, '1!PASpas'),
	(13, 'k.p.krustev@abv.bg', 'Krustyo', 'Krustev', '0899235690', 30, 'k.p.krustev@abv.bg-ProfilePic.jpg', 0, '1!PASpas'),
	(15, 'c.baker@mail.com', 'Catrine', 'Baker', '0885456553', 16, 'default-ProfilePic.png', 0, '1!PASpass'),
	(16, 'charlot.baker@mail.com', 'Charlot', 'Baker', '0887548750', 107, 'charlot.baker@mail.com-ProfilePic.png', 0, '1!PASpass');
/*!40000 ALTER TABLE `users` ENABLE KEYS */;

-- Dumping data for table chef_me_up.users_roles: ~25 rows (approximately)
/*!40000 ALTER TABLE `users_roles` DISABLE KEYS */;
INSERT INTO `users_roles` (`user_id`, `role_id`) VALUES
	(1, 1),
	(1, 2),
	(1, 3),
	(2, 1),
	(2, 2),
	(2, 3),
	(3, 2),
	(4, 2),
	(5, 2),
	(6, 2),
	(7, 2),
	(8, 1),
	(9, 1),
	(10, 1),
	(11, 1),
	(3, 1),
	(4, 1),
	(5, 1),
	(6, 1),
	(7, 1),
	(12, 1),
	(13, 1),
	(13, 2),
	(16, 1),
	(16, 2);
/*!40000 ALTER TABLE `users_roles` ENABLE KEYS */;

/*!40101 SET SQL_MODE=IFNULL(@OLD_SQL_MODE, '') */;
/*!40014 SET FOREIGN_KEY_CHECKS=IFNULL(@OLD_FOREIGN_KEY_CHECKS, 1) */;
/*!40101 SET CHARACTER_SET_CLIENT=@OLD_CHARACTER_SET_CLIENT */;
/*!40111 SET SQL_NOTES=IFNULL(@OLD_SQL_NOTES, 1) */;
